x:image,y:label
./00/0.csv,0
./00/1.csv,0
./00/2.csv,0
./00/3.csv,0
./00/4.csv,0
./00/5.csv,0
./00/6.csv,0
./00/7.csv,0
./00/8.csv,0
./00/9.csv,0
./00/10.csv,0
./00/11.csv,0
./00/12.csv,0
./00/13.csv,0
./00/14.csv,0
./00/15.csv,0
./00/16.csv,0
./00/17.csv,0
./00/18.csv,0
./00/19.csv,0
./00/20.csv,0
./00/21.csv,0
./00/22.csv,0
./00/23.csv,0
./00/24.csv,0
./00/25.csv,0
./00/26.csv,0
./00/27.csv,0
./00/28.csv,0
./00/29.csv,0
./00/30.csv,0
./00/31.csv,0
./00/32.csv,0
./00/33.csv,0
./00/34.csv,0
./00/35.csv,0
./00/36.csv,0
./00/37.csv,0
./00/38.csv,0
./00/39.csv,0
./00/40.csv,0
./00/41.csv,0
./00/42.csv,0
./00/43.csv,0
./00/44.csv,0
./00/45.csv,0
./00/46.csv,0
./00/47.csv,0
./00/48.csv,0
./00/49.csv,0
./00/50.csv,0
./00/51.csv,0
./00/52.csv,0
./00/53.csv,0
./00/54.csv,0
./00/55.csv,0
./00/56.csv,0
./00/57.csv,0
./00/58.csv,0
./00/59.csv,0
./00/60.csv,0
./00/61.csv,0
./00/62.csv,0
./00/63.csv,0
./00/64.csv,0
./00/65.csv,0
./00/66.csv,0
./00/67.csv,0
./00/68.csv,0
./00/69.csv,0
./00/70.csv,0
./00/71.csv,0
./00/72.csv,0
./00/73.csv,0
./00/74.csv,0
./00/75.csv,0
./00/76.csv,0
./00/77.csv,0
./00/78.csv,0
./00/79.csv,0
./00/80.csv,0
./00/81.csv,0
./00/82.csv,0
./00/83.csv,0
./00/84.csv,0
./00/85.csv,0
./00/86.csv,0
./00/87.csv,0
./00/88.csv,0
./00/89.csv,0
./00/90.csv,0
./00/91.csv,0
./00/92.csv,0
./00/93.csv,0
./00/94.csv,0
./00/95.csv,0
./00/96.csv,0
./00/97.csv,0
./00/98.csv,0
./00/99.csv,0
./00/100.csv,0
./00/101.csv,0
./00/102.csv,0
./00/103.csv,0
./00/104.csv,0
./00/105.csv,0
./00/106.csv,0
./00/107.csv,0
./00/108.csv,0
./00/109.csv,0
./00/110.csv,0
./00/111.csv,0
./00/112.csv,0
./00/113.csv,0
./00/114.csv,0
./00/115.csv,0
./00/116.csv,0
./00/117.csv,0
./00/118.csv,0
./00/119.csv,0
./00/120.csv,0
./00/121.csv,0
./00/122.csv,0
./00/123.csv,0
./00/124.csv,0
./00/125.csv,0
./00/126.csv,0
./00/127.csv,0
./00/128.csv,0
./00/129.csv,0
./00/130.csv,0
./00/131.csv,0
./00/132.csv,0
./00/133.csv,0
./00/134.csv,0
./00/135.csv,0
./00/136.csv,0
./00/137.csv,0
./00/138.csv,0
./00/139.csv,0
./00/140.csv,0
./00/141.csv,0
./00/142.csv,0
./00/143.csv,0
./00/144.csv,0
./00/145.csv,0
./00/146.csv,0
./00/147.csv,0
./00/148.csv,0
./00/149.csv,0
./00/150.csv,0
./00/151.csv,0
./00/152.csv,0
./00/153.csv,0
./00/154.csv,0
./00/155.csv,0
./00/156.csv,0
./00/157.csv,0
./00/158.csv,0
./00/159.csv,0
./00/160.csv,0
./00/161.csv,0
./00/162.csv,0
./00/163.csv,0
./00/164.csv,0
./00/165.csv,0
./00/166.csv,0
./00/167.csv,0
./00/168.csv,0
./00/169.csv,0
./00/170.csv,0
./00/171.csv,0
./00/172.csv,0
./00/173.csv,0
./00/174.csv,0
./00/175.csv,0
./00/176.csv,0
./00/177.csv,0
./00/178.csv,0
./00/179.csv,0
./00/180.csv,0
./00/181.csv,0
./00/182.csv,0
./00/183.csv,0
./00/184.csv,0
./00/185.csv,0
./00/186.csv,0
./00/187.csv,0
./00/188.csv,0
./00/189.csv,0
./00/190.csv,0
./00/191.csv,0
./00/192.csv,0
./00/193.csv,0
./00/194.csv,0
./00/195.csv,0
./00/196.csv,0
./00/197.csv,0
./00/198.csv,0
./00/199.csv,0
./00/200.csv,0
./00/201.csv,0
./00/202.csv,0
./00/203.csv,0
./00/204.csv,0
./00/205.csv,0
./00/206.csv,0
./00/207.csv,0
./00/208.csv,0
./00/209.csv,0
./00/210.csv,0
./00/211.csv,0
./00/212.csv,0
./00/213.csv,0
./00/214.csv,0
./00/215.csv,0
./00/216.csv,0
./00/217.csv,0
./00/218.csv,0
./00/219.csv,0
./00/220.csv,0
./00/221.csv,0
./00/222.csv,0
./00/223.csv,0
./00/224.csv,0
./00/225.csv,0
./00/226.csv,0
./00/227.csv,0
./00/228.csv,0
./00/229.csv,0
./00/230.csv,0
./00/231.csv,0
./00/232.csv,0
./00/233.csv,0
./00/234.csv,0
./00/235.csv,0
./00/236.csv,0
./00/237.csv,0
./00/238.csv,0
./00/239.csv,0
./01/0.csv,1
./01/1.csv,1
./01/2.csv,1
./01/3.csv,1
./01/4.csv,1
./01/5.csv,1
./01/6.csv,1
./01/7.csv,1
./01/8.csv,1
./01/9.csv,1
./01/10.csv,1
./01/11.csv,1
./01/12.csv,1
./01/13.csv,1
./01/14.csv,1
./01/15.csv,1
./01/16.csv,1
./01/17.csv,1
./01/18.csv,1
./01/19.csv,1
./01/20.csv,1
./01/21.csv,1
./01/22.csv,1
./01/23.csv,1
./01/24.csv,1
./01/25.csv,1
./01/26.csv,1
./01/27.csv,1
./01/28.csv,1
./01/29.csv,1
./01/30.csv,1
./01/31.csv,1
./01/32.csv,1
./01/33.csv,1
./01/34.csv,1
./01/35.csv,1
./01/36.csv,1
./01/37.csv,1
./01/38.csv,1
./01/39.csv,1
./01/40.csv,1
./01/41.csv,1
./01/42.csv,1
./01/43.csv,1
./01/44.csv,1
./01/45.csv,1
./01/46.csv,1
./01/47.csv,1
./01/48.csv,1
./01/49.csv,1
./01/50.csv,1
./01/51.csv,1
./01/52.csv,1
./01/53.csv,1
./01/54.csv,1
./01/55.csv,1
./01/56.csv,1
./01/57.csv,1
./01/58.csv,1
./01/59.csv,1
./01/60.csv,1
./01/61.csv,1
./01/62.csv,1
./01/63.csv,1
./01/64.csv,1
./01/65.csv,1
./01/66.csv,1
./01/67.csv,1
./01/68.csv,1
./01/69.csv,1
./01/70.csv,1
./01/71.csv,1
./01/72.csv,1
./01/73.csv,1
./01/74.csv,1
./01/75.csv,1
./01/76.csv,1
./01/77.csv,1
./01/78.csv,1
./01/79.csv,1
./01/80.csv,1
./01/81.csv,1
./01/82.csv,1
./01/83.csv,1
./01/84.csv,1
./01/85.csv,1
./01/86.csv,1
./01/87.csv,1
./01/88.csv,1
./01/89.csv,1
./01/90.csv,1
./01/91.csv,1
./01/92.csv,1
./01/93.csv,1
./01/94.csv,1
./01/95.csv,1
./01/96.csv,1
./01/97.csv,1
./01/98.csv,1
./01/99.csv,1
./01/100.csv,1
./01/101.csv,1
./01/102.csv,1
./01/103.csv,1
./01/104.csv,1
./01/105.csv,1
./01/106.csv,1
./01/107.csv,1
./01/108.csv,1
./01/109.csv,1
./01/110.csv,1
./01/111.csv,1
./01/112.csv,1
./01/113.csv,1
./01/114.csv,1
./01/115.csv,1
./01/116.csv,1
./01/117.csv,1
./01/118.csv,1
./01/119.csv,1
./01/120.csv,1
./01/121.csv,1
./01/122.csv,1
./01/123.csv,1
./01/124.csv,1
./01/125.csv,1
./01/126.csv,1
./01/127.csv,1
./01/128.csv,1
./01/129.csv,1
./01/130.csv,1
./01/131.csv,1
./01/132.csv,1
./01/133.csv,1
./01/134.csv,1
./01/135.csv,1
./01/136.csv,1
./01/137.csv,1
./01/138.csv,1
./01/139.csv,1
./01/140.csv,1
./01/141.csv,1
./01/142.csv,1
./01/143.csv,1
./01/144.csv,1
./01/145.csv,1
./01/146.csv,1
./01/147.csv,1
./01/148.csv,1
./01/149.csv,1
./01/150.csv,1
./01/151.csv,1
./01/152.csv,1
./01/153.csv,1
./01/154.csv,1
./01/155.csv,1
./01/156.csv,1
./01/157.csv,1
./01/158.csv,1
./01/159.csv,1
./01/160.csv,1
./01/161.csv,1
./01/162.csv,1
./01/163.csv,1
./01/164.csv,1
./01/165.csv,1
./01/166.csv,1
./01/167.csv,1
./01/168.csv,1
./01/169.csv,1
./01/170.csv,1
./01/171.csv,1
./01/172.csv,1
./01/173.csv,1
./01/174.csv,1
./01/175.csv,1
./01/176.csv,1
./01/177.csv,1
./01/178.csv,1
./01/179.csv,1
./01/180.csv,1
./01/181.csv,1
./01/182.csv,1
./01/183.csv,1
./01/184.csv,1
./01/185.csv,1
./01/186.csv,1
./01/187.csv,1
./01/188.csv,1
./01/189.csv,1
./01/190.csv,1
./01/191.csv,1
./01/192.csv,1
./01/193.csv,1
./01/194.csv,1
./01/195.csv,1
./01/196.csv,1
./01/197.csv,1
./01/198.csv,1
./01/199.csv,1
./01/200.csv,1
./01/201.csv,1
./01/202.csv,1
./01/203.csv,1
./01/204.csv,1
./01/205.csv,1
./01/206.csv,1
./01/207.csv,1
./01/208.csv,1
./01/209.csv,1
./01/210.csv,1
./01/211.csv,1
./01/212.csv,1
./01/213.csv,1
./01/214.csv,1
./01/215.csv,1
./01/216.csv,1
./01/217.csv,1
./01/218.csv,1
./01/219.csv,1
./01/220.csv,1
./01/221.csv,1
./01/222.csv,1
./01/223.csv,1
./01/224.csv,1
./01/225.csv,1
./01/226.csv,1
./01/227.csv,1
./01/228.csv,1
./01/229.csv,1
./01/230.csv,1
./01/231.csv,1
./01/232.csv,1
./01/233.csv,1
./01/234.csv,1
./01/235.csv,1
./01/236.csv,1
./01/237.csv,1
./01/238.csv,1
./01/239.csv,1
./02/0.csv,2
./02/1.csv,2
./02/2.csv,2
./02/3.csv,2
./02/4.csv,2
./02/5.csv,2
./02/6.csv,2
./02/7.csv,2
./02/8.csv,2
./02/9.csv,2
./02/10.csv,2
./02/11.csv,2
./02/12.csv,2
./02/13.csv,2
./02/14.csv,2
./02/15.csv,2
./02/16.csv,2
./02/17.csv,2
./02/18.csv,2
./02/19.csv,2
./02/20.csv,2
./02/21.csv,2
./02/22.csv,2
./02/23.csv,2
./02/24.csv,2
./02/25.csv,2
./02/26.csv,2
./02/27.csv,2
./02/28.csv,2
./02/29.csv,2
./02/30.csv,2
./02/31.csv,2
./02/32.csv,2
./02/33.csv,2
./02/34.csv,2
./02/35.csv,2
./02/36.csv,2
./02/37.csv,2
./02/38.csv,2
./02/39.csv,2
./02/40.csv,2
./02/41.csv,2
./02/42.csv,2
./02/43.csv,2
./02/44.csv,2
./02/45.csv,2
./02/46.csv,2
./02/47.csv,2
./02/48.csv,2
./02/49.csv,2
./02/50.csv,2
./02/51.csv,2
./02/52.csv,2
./02/53.csv,2
./02/54.csv,2
./02/55.csv,2
./02/56.csv,2
./02/57.csv,2
./02/58.csv,2
./02/59.csv,2
./02/60.csv,2
./02/61.csv,2
./02/62.csv,2
./02/63.csv,2
./02/64.csv,2
./02/65.csv,2
./02/66.csv,2
./02/67.csv,2
./02/68.csv,2
./02/69.csv,2
./02/70.csv,2
./02/71.csv,2
./02/72.csv,2
./02/73.csv,2
./02/74.csv,2
./02/75.csv,2
./02/76.csv,2
./02/77.csv,2
./02/78.csv,2
./02/79.csv,2
./02/80.csv,2
./02/81.csv,2
./02/82.csv,2
./02/83.csv,2
./02/84.csv,2
./02/85.csv,2
./02/86.csv,2
./02/87.csv,2
./02/88.csv,2
./02/89.csv,2
./02/90.csv,2
./02/91.csv,2
./02/92.csv,2
./02/93.csv,2
./02/94.csv,2
./02/95.csv,2
./02/96.csv,2
./02/97.csv,2
./02/98.csv,2
./02/99.csv,2
./02/100.csv,2
./02/101.csv,2
./02/102.csv,2
./02/103.csv,2
./02/104.csv,2
./02/105.csv,2
./02/106.csv,2
./02/107.csv,2
./02/108.csv,2
./02/109.csv,2
./02/110.csv,2
./02/111.csv,2
./02/112.csv,2
./02/113.csv,2
./02/114.csv,2
./02/115.csv,2
./02/116.csv,2
./02/117.csv,2
./02/118.csv,2
./02/119.csv,2
./02/120.csv,2
./02/121.csv,2
./02/122.csv,2
./02/123.csv,2
./02/124.csv,2
./02/125.csv,2
./02/126.csv,2
./02/127.csv,2
./02/128.csv,2
./02/129.csv,2
./02/130.csv,2
./02/131.csv,2
./02/132.csv,2
./02/133.csv,2
./02/134.csv,2
./02/135.csv,2
./02/136.csv,2
./02/137.csv,2
./02/138.csv,2
./02/139.csv,2
./02/140.csv,2
./02/141.csv,2
./02/142.csv,2
./02/143.csv,2
./02/144.csv,2
./02/145.csv,2
./02/146.csv,2
./02/147.csv,2
./02/148.csv,2
./02/149.csv,2
./02/150.csv,2
./02/151.csv,2
./02/152.csv,2
./02/153.csv,2
./02/154.csv,2
./02/155.csv,2
./02/156.csv,2
./02/157.csv,2
./02/158.csv,2
./02/159.csv,2
./02/160.csv,2
./02/161.csv,2
./02/162.csv,2
./02/163.csv,2
./02/164.csv,2
./02/165.csv,2
./02/166.csv,2
./02/167.csv,2
./02/168.csv,2
./02/169.csv,2
./02/170.csv,2
./02/171.csv,2
./02/172.csv,2
./02/173.csv,2
./02/174.csv,2
./02/175.csv,2
./02/176.csv,2
./02/177.csv,2
./02/178.csv,2
./02/179.csv,2
./02/180.csv,2
./02/181.csv,2
./02/182.csv,2
./02/183.csv,2
./02/184.csv,2
./02/185.csv,2
./02/186.csv,2
./02/187.csv,2
./02/188.csv,2
./02/189.csv,2
./02/190.csv,2
./02/191.csv,2
./02/192.csv,2
./02/193.csv,2
./02/194.csv,2
./02/195.csv,2
./02/196.csv,2
./02/197.csv,2
./02/198.csv,2
./02/199.csv,2
./02/200.csv,2
./02/201.csv,2
./02/202.csv,2
./02/203.csv,2
./02/204.csv,2
./02/205.csv,2
./02/206.csv,2
./02/207.csv,2
./02/208.csv,2
./02/209.csv,2
./02/210.csv,2
./02/211.csv,2
./02/212.csv,2
./02/213.csv,2
./02/214.csv,2
./02/215.csv,2
./02/216.csv,2
./02/217.csv,2
./02/218.csv,2
./02/219.csv,2
./02/220.csv,2
./02/221.csv,2
./02/222.csv,2
./02/223.csv,2
./02/224.csv,2
./02/225.csv,2
./02/226.csv,2
./02/227.csv,2
./02/228.csv,2
./02/229.csv,2
./02/230.csv,2
./02/231.csv,2
./02/232.csv,2
./02/233.csv,2
./02/234.csv,2
./02/235.csv,2
./02/236.csv,2
./02/237.csv,2
./02/238.csv,2
./02/239.csv,2
./03/0.csv,3
./03/1.csv,3
./03/2.csv,3
./03/3.csv,3
./03/4.csv,3
./03/5.csv,3
./03/6.csv,3
./03/7.csv,3
./03/8.csv,3
./03/9.csv,3
./03/10.csv,3
./03/11.csv,3
./03/12.csv,3
./03/13.csv,3
./03/14.csv,3
./03/15.csv,3
./03/16.csv,3
./03/17.csv,3
./03/18.csv,3
./03/19.csv,3
./03/20.csv,3
./03/21.csv,3
./03/22.csv,3
./03/23.csv,3
./03/24.csv,3
./03/25.csv,3
./03/26.csv,3
./03/27.csv,3
./03/28.csv,3
./03/29.csv,3
./03/30.csv,3
./03/31.csv,3
./03/32.csv,3
./03/33.csv,3
./03/34.csv,3
./03/35.csv,3
./03/36.csv,3
./03/37.csv,3
./03/38.csv,3
./03/39.csv,3
./03/40.csv,3
./03/41.csv,3
./03/42.csv,3
./03/43.csv,3
./03/44.csv,3
./03/45.csv,3
./03/46.csv,3
./03/47.csv,3
./03/48.csv,3
./03/49.csv,3
./03/50.csv,3
./03/51.csv,3
./03/52.csv,3
./03/53.csv,3
./03/54.csv,3
./03/55.csv,3
./03/56.csv,3
./03/57.csv,3
./03/58.csv,3
./03/59.csv,3
./03/60.csv,3
./03/61.csv,3
./03/62.csv,3
./03/63.csv,3
./03/64.csv,3
./03/65.csv,3
./03/66.csv,3
./03/67.csv,3
./03/68.csv,3
./03/69.csv,3
./03/70.csv,3
./03/71.csv,3
./03/72.csv,3
./03/73.csv,3
./03/74.csv,3
./03/75.csv,3
./03/76.csv,3
./03/77.csv,3
./03/78.csv,3
./03/79.csv,3
./03/80.csv,3
./03/81.csv,3
./03/82.csv,3
./03/83.csv,3
./03/84.csv,3
./03/85.csv,3
./03/86.csv,3
./03/87.csv,3
./03/88.csv,3
./03/89.csv,3
./03/90.csv,3
./03/91.csv,3
./03/92.csv,3
./03/93.csv,3
./03/94.csv,3
./03/95.csv,3
./03/96.csv,3
./03/97.csv,3
./03/98.csv,3
./03/99.csv,3
./03/100.csv,3
./03/101.csv,3
./03/102.csv,3
./03/103.csv,3
./03/104.csv,3
./03/105.csv,3
./03/106.csv,3
./03/107.csv,3
./03/108.csv,3
./03/109.csv,3
./03/110.csv,3
./03/111.csv,3
./03/112.csv,3
./03/113.csv,3
./03/114.csv,3
./03/115.csv,3
./03/116.csv,3
./03/117.csv,3
./03/118.csv,3
./03/119.csv,3
./03/120.csv,3
./03/121.csv,3
./03/122.csv,3
./03/123.csv,3
./03/124.csv,3
./03/125.csv,3
./03/126.csv,3
./03/127.csv,3
./03/128.csv,3
./03/129.csv,3
./03/130.csv,3
./03/131.csv,3
./03/132.csv,3
./03/133.csv,3
./03/134.csv,3
./03/135.csv,3
./03/136.csv,3
./03/137.csv,3
./03/138.csv,3
./03/139.csv,3
./03/140.csv,3
./03/141.csv,3
./03/142.csv,3
./03/143.csv,3
./03/144.csv,3
./03/145.csv,3
./03/146.csv,3
./03/147.csv,3
./03/148.csv,3
./03/149.csv,3
./03/150.csv,3
./03/151.csv,3
./03/152.csv,3
./03/153.csv,3
./03/154.csv,3
./03/155.csv,3
./03/156.csv,3
./03/157.csv,3
./03/158.csv,3
./03/159.csv,3
./03/160.csv,3
./03/161.csv,3
./03/162.csv,3
./03/163.csv,3
./03/164.csv,3
./03/165.csv,3
./03/166.csv,3
./03/167.csv,3
./03/168.csv,3
./03/169.csv,3
./03/170.csv,3
./03/171.csv,3
./03/172.csv,3
./03/173.csv,3
./03/174.csv,3
./03/175.csv,3
./03/176.csv,3
./03/177.csv,3
./03/178.csv,3
./03/179.csv,3
./03/180.csv,3
./03/181.csv,3
./03/182.csv,3
./03/183.csv,3
./03/184.csv,3
./03/185.csv,3
./03/186.csv,3
./03/187.csv,3
./03/188.csv,3
./03/189.csv,3
./03/190.csv,3
./03/191.csv,3
./03/192.csv,3
./03/193.csv,3
./03/194.csv,3
./03/195.csv,3
./03/196.csv,3
./03/197.csv,3
./03/198.csv,3
./03/199.csv,3
./03/200.csv,3
./03/201.csv,3
./03/202.csv,3
./03/203.csv,3
./03/204.csv,3
./03/205.csv,3
./03/206.csv,3
./03/207.csv,3
./03/208.csv,3
./03/209.csv,3
./03/210.csv,3
./03/211.csv,3
./03/212.csv,3
./03/213.csv,3
./03/214.csv,3
./03/215.csv,3
./03/216.csv,3
./03/217.csv,3
./03/218.csv,3
./03/219.csv,3
./03/220.csv,3
./03/221.csv,3
./03/222.csv,3
./03/223.csv,3
./03/224.csv,3
./03/225.csv,3
./03/226.csv,3
./03/227.csv,3
./03/228.csv,3
./03/229.csv,3
./03/230.csv,3
./03/231.csv,3
./03/232.csv,3
./03/233.csv,3
./03/234.csv,3
./03/235.csv,3
./03/236.csv,3
./03/237.csv,3
./03/238.csv,3
./03/239.csv,3
./04/0.csv,4
./04/1.csv,4
./04/2.csv,4
./04/3.csv,4
./04/4.csv,4
./04/5.csv,4
./04/6.csv,4
./04/7.csv,4
./04/8.csv,4
./04/9.csv,4
./04/10.csv,4
./04/11.csv,4
./04/12.csv,4
./04/13.csv,4
./04/14.csv,4
./04/15.csv,4
./04/16.csv,4
./04/17.csv,4
./04/18.csv,4
./04/19.csv,4
./04/20.csv,4
./04/21.csv,4
./04/22.csv,4
./04/23.csv,4
./04/24.csv,4
./04/25.csv,4
./04/26.csv,4
./04/27.csv,4
./04/28.csv,4
./04/29.csv,4
./04/30.csv,4
./04/31.csv,4
./04/32.csv,4
./04/33.csv,4
./04/34.csv,4
./04/35.csv,4
./04/36.csv,4
./04/37.csv,4
./04/38.csv,4
./04/39.csv,4
./04/40.csv,4
./04/41.csv,4
./04/42.csv,4
./04/43.csv,4
./04/44.csv,4
./04/45.csv,4
./04/46.csv,4
./04/47.csv,4
./04/48.csv,4
./04/49.csv,4
./04/50.csv,4
./04/51.csv,4
./04/52.csv,4
./04/53.csv,4
./04/54.csv,4
./04/55.csv,4
./04/56.csv,4
./04/57.csv,4
./04/58.csv,4
./04/59.csv,4
./04/60.csv,4
./04/61.csv,4
./04/62.csv,4
./04/63.csv,4
./04/64.csv,4
./04/65.csv,4
./04/66.csv,4
./04/67.csv,4
./04/68.csv,4
./04/69.csv,4
./04/70.csv,4
./04/71.csv,4
./04/72.csv,4
./04/73.csv,4
./04/74.csv,4
./04/75.csv,4
./04/76.csv,4
./04/77.csv,4
./04/78.csv,4
./04/79.csv,4
./04/80.csv,4
./04/81.csv,4
./04/82.csv,4
./04/83.csv,4
./04/84.csv,4
./04/85.csv,4
./04/86.csv,4
./04/87.csv,4
./04/88.csv,4
./04/89.csv,4
./04/90.csv,4
./04/91.csv,4
./04/92.csv,4
./04/93.csv,4
./04/94.csv,4
./04/95.csv,4
./04/96.csv,4
./04/97.csv,4
./04/98.csv,4
./04/99.csv,4
./04/100.csv,4
./04/101.csv,4
./04/102.csv,4
./04/103.csv,4
./04/104.csv,4
./04/105.csv,4
./04/106.csv,4
./04/107.csv,4
./04/108.csv,4
./04/109.csv,4
./04/110.csv,4
./04/111.csv,4
./04/112.csv,4
./04/113.csv,4
./04/114.csv,4
./04/115.csv,4
./04/116.csv,4
./04/117.csv,4
./04/118.csv,4
./04/119.csv,4
./04/120.csv,4
./04/121.csv,4
./04/122.csv,4
./04/123.csv,4
./04/124.csv,4
./04/125.csv,4
./04/126.csv,4
./04/127.csv,4
./04/128.csv,4
./04/129.csv,4
./04/130.csv,4
./04/131.csv,4
./04/132.csv,4
./04/133.csv,4
./04/134.csv,4
./04/135.csv,4
./04/136.csv,4
./04/137.csv,4
./04/138.csv,4
./04/139.csv,4
./04/140.csv,4
./04/141.csv,4
./04/142.csv,4
./04/143.csv,4
./04/144.csv,4
./04/145.csv,4
./04/146.csv,4
./04/147.csv,4
./04/148.csv,4
./04/149.csv,4
./04/150.csv,4
./04/151.csv,4
./04/152.csv,4
./04/153.csv,4
./04/154.csv,4
./04/155.csv,4
./04/156.csv,4
./04/157.csv,4
./04/158.csv,4
./04/159.csv,4
./04/160.csv,4
./04/161.csv,4
./04/162.csv,4
./04/163.csv,4
./04/164.csv,4
./04/165.csv,4
./04/166.csv,4
./04/167.csv,4
./04/168.csv,4
./04/169.csv,4
./04/170.csv,4
./04/171.csv,4
./04/172.csv,4
./04/173.csv,4
./04/174.csv,4
./04/175.csv,4
./04/176.csv,4
./04/177.csv,4
./04/178.csv,4
./04/179.csv,4
./04/180.csv,4
./04/181.csv,4
./04/182.csv,4
./04/183.csv,4
./04/184.csv,4
./04/185.csv,4
./04/186.csv,4
./04/187.csv,4
./04/188.csv,4
./04/189.csv,4
./04/190.csv,4
./04/191.csv,4
./04/192.csv,4
./04/193.csv,4
./04/194.csv,4
./04/195.csv,4
./04/196.csv,4
./04/197.csv,4
./04/198.csv,4
./04/199.csv,4
./04/200.csv,4
./04/201.csv,4
./04/202.csv,4
./04/203.csv,4
./04/204.csv,4
./04/205.csv,4
./04/206.csv,4
./04/207.csv,4
./04/208.csv,4
./04/209.csv,4
./04/210.csv,4
./04/211.csv,4
./04/212.csv,4
./04/213.csv,4
./04/214.csv,4
./04/215.csv,4
./04/216.csv,4
./04/217.csv,4
./04/218.csv,4
./04/219.csv,4
./04/220.csv,4
./04/221.csv,4
./04/222.csv,4
./04/223.csv,4
./04/224.csv,4
./04/225.csv,4
./04/226.csv,4
./04/227.csv,4
./04/228.csv,4
./04/229.csv,4
./04/230.csv,4
./04/231.csv,4
./04/232.csv,4
./04/233.csv,4
./04/234.csv,4
./04/235.csv,4
./04/236.csv,4
./04/237.csv,4
./04/238.csv,4
./04/239.csv,4
./05/0.csv,5
./05/1.csv,5
./05/2.csv,5
./05/3.csv,5
./05/4.csv,5
./05/5.csv,5
./05/6.csv,5
./05/7.csv,5
./05/8.csv,5
./05/9.csv,5
./05/10.csv,5
./05/11.csv,5
./05/12.csv,5
./05/13.csv,5
./05/14.csv,5
./05/15.csv,5
./05/16.csv,5
./05/17.csv,5
./05/18.csv,5
./05/19.csv,5
./05/20.csv,5
./05/21.csv,5
./05/22.csv,5
./05/23.csv,5
./05/24.csv,5
./05/25.csv,5
./05/26.csv,5
./05/27.csv,5
./05/28.csv,5
./05/29.csv,5
./05/30.csv,5
./05/31.csv,5
./05/32.csv,5
./05/33.csv,5
./05/34.csv,5
./05/35.csv,5
./05/36.csv,5
./05/37.csv,5
./05/38.csv,5
./05/39.csv,5
./05/40.csv,5
./05/41.csv,5
./05/42.csv,5
./05/43.csv,5
./05/44.csv,5
./05/45.csv,5
./05/46.csv,5
./05/47.csv,5
./05/48.csv,5
./05/49.csv,5
./05/50.csv,5
./05/51.csv,5
./05/52.csv,5
./05/53.csv,5
./05/54.csv,5
./05/55.csv,5
./05/56.csv,5
./05/57.csv,5
./05/58.csv,5
./05/59.csv,5
./05/60.csv,5
./05/61.csv,5
./05/62.csv,5
./05/63.csv,5
./05/64.csv,5
./05/65.csv,5
./05/66.csv,5
./05/67.csv,5
./05/68.csv,5
./05/69.csv,5
./05/70.csv,5
./05/71.csv,5
./05/72.csv,5
./05/73.csv,5
./05/74.csv,5
./05/75.csv,5
./05/76.csv,5
./05/77.csv,5
./05/78.csv,5
./05/79.csv,5
./05/80.csv,5
./05/81.csv,5
./05/82.csv,5
./05/83.csv,5
./05/84.csv,5
./05/85.csv,5
./05/86.csv,5
./05/87.csv,5
./05/88.csv,5
./05/89.csv,5
./05/90.csv,5
./05/91.csv,5
./05/92.csv,5
./05/93.csv,5
./05/94.csv,5
./05/95.csv,5
./05/96.csv,5
./05/97.csv,5
./05/98.csv,5
./05/99.csv,5
./05/100.csv,5
./05/101.csv,5
./05/102.csv,5
./05/103.csv,5
./05/104.csv,5
./05/105.csv,5
./05/106.csv,5
./05/107.csv,5
./05/108.csv,5
./05/109.csv,5
./05/110.csv,5
./05/111.csv,5
./05/112.csv,5
./05/113.csv,5
./05/114.csv,5
./05/115.csv,5
./05/116.csv,5
./05/117.csv,5
./05/118.csv,5
./05/119.csv,5
./05/120.csv,5
./05/121.csv,5
./05/122.csv,5
./05/123.csv,5
./05/124.csv,5
./05/125.csv,5
./05/126.csv,5
./05/127.csv,5
./05/128.csv,5
./05/129.csv,5
./05/130.csv,5
./05/131.csv,5
./05/132.csv,5
./05/133.csv,5
./05/134.csv,5
./05/135.csv,5
./05/136.csv,5
./05/137.csv,5
./05/138.csv,5
./05/139.csv,5
./05/140.csv,5
./05/141.csv,5
./05/142.csv,5
./05/143.csv,5
./05/144.csv,5
./05/145.csv,5
./05/146.csv,5
./05/147.csv,5
./05/148.csv,5
./05/149.csv,5
./05/150.csv,5
./05/151.csv,5
./05/152.csv,5
./05/153.csv,5
./05/154.csv,5
./05/155.csv,5
./05/156.csv,5
./05/157.csv,5
./05/158.csv,5
./05/159.csv,5
./05/160.csv,5
./05/161.csv,5
./05/162.csv,5
./05/163.csv,5
./05/164.csv,5
./05/165.csv,5
./05/166.csv,5
./05/167.csv,5
./05/168.csv,5
./05/169.csv,5
./05/170.csv,5
./05/171.csv,5
./05/172.csv,5
./05/173.csv,5
./05/174.csv,5
./05/175.csv,5
./05/176.csv,5
./05/177.csv,5
./05/178.csv,5
./05/179.csv,5
./05/180.csv,5
./05/181.csv,5
./05/182.csv,5
./05/183.csv,5
./05/184.csv,5
./05/185.csv,5
./05/186.csv,5
./05/187.csv,5
./05/188.csv,5
./05/189.csv,5
./05/190.csv,5
./05/191.csv,5
./05/192.csv,5
./05/193.csv,5
./05/194.csv,5
./05/195.csv,5
./05/196.csv,5
./05/197.csv,5
./05/198.csv,5
./05/199.csv,5
./05/200.csv,5
./05/201.csv,5
./05/202.csv,5
./05/203.csv,5
./05/204.csv,5
./05/205.csv,5
./05/206.csv,5
./05/207.csv,5
./05/208.csv,5
./05/209.csv,5
./05/210.csv,5
./05/211.csv,5
./05/212.csv,5
./05/213.csv,5
./05/214.csv,5
./05/215.csv,5
./05/216.csv,5
./05/217.csv,5
./05/218.csv,5
./05/219.csv,5
./05/220.csv,5
./05/221.csv,5
./05/222.csv,5
./05/223.csv,5
./05/224.csv,5
./05/225.csv,5
./05/226.csv,5
./05/227.csv,5
./05/228.csv,5
./05/229.csv,5
./05/230.csv,5
./05/231.csv,5
./05/232.csv,5
./05/233.csv,5
./05/234.csv,5
./05/235.csv,5
./05/236.csv,5
./05/237.csv,5
./05/238.csv,5
./05/239.csv,5
./06/0.csv,6
./06/1.csv,6
./06/2.csv,6
./06/3.csv,6
./06/4.csv,6
./06/5.csv,6
./06/6.csv,6
./06/7.csv,6
./06/8.csv,6
./06/9.csv,6
./06/10.csv,6
./06/11.csv,6
./06/12.csv,6
./06/13.csv,6
./06/14.csv,6
./06/15.csv,6
./06/16.csv,6
./06/17.csv,6
./06/18.csv,6
./06/19.csv,6
./06/20.csv,6
./06/21.csv,6
./06/22.csv,6
./06/23.csv,6
./06/24.csv,6
./06/25.csv,6
./06/26.csv,6
./06/27.csv,6
./06/28.csv,6
./06/29.csv,6
./06/30.csv,6
./06/31.csv,6
./06/32.csv,6
./06/33.csv,6
./06/34.csv,6
./06/35.csv,6
./06/36.csv,6
./06/37.csv,6
./06/38.csv,6
./06/39.csv,6
./06/40.csv,6
./06/41.csv,6
./06/42.csv,6
./06/43.csv,6
./06/44.csv,6
./06/45.csv,6
./06/46.csv,6
./06/47.csv,6
./06/48.csv,6
./06/49.csv,6
./06/50.csv,6
./06/51.csv,6
./06/52.csv,6
./06/53.csv,6
./06/54.csv,6
./06/55.csv,6
./06/56.csv,6
./06/57.csv,6
./06/58.csv,6
./06/59.csv,6
./06/60.csv,6
./06/61.csv,6
./06/62.csv,6
./06/63.csv,6
./06/64.csv,6
./06/65.csv,6
./06/66.csv,6
./06/67.csv,6
./06/68.csv,6
./06/69.csv,6
./06/70.csv,6
./06/71.csv,6
./06/72.csv,6
./06/73.csv,6
./06/74.csv,6
./06/75.csv,6
./06/76.csv,6
./06/77.csv,6
./06/78.csv,6
./06/79.csv,6
./06/80.csv,6
./06/81.csv,6
./06/82.csv,6
./06/83.csv,6
./06/84.csv,6
./06/85.csv,6
./06/86.csv,6
./06/87.csv,6
./06/88.csv,6
./06/89.csv,6
./06/90.csv,6
./06/91.csv,6
./06/92.csv,6
./06/93.csv,6
./06/94.csv,6
./06/95.csv,6
./06/96.csv,6
./06/97.csv,6
./06/98.csv,6
./06/99.csv,6
./06/100.csv,6
./06/101.csv,6
./06/102.csv,6
./06/103.csv,6
./06/104.csv,6
./06/105.csv,6
./06/106.csv,6
./06/107.csv,6
./06/108.csv,6
./06/109.csv,6
./06/110.csv,6
./06/111.csv,6
./06/112.csv,6
./06/113.csv,6
./06/114.csv,6
./06/115.csv,6
./06/116.csv,6
./06/117.csv,6
./06/118.csv,6
./06/119.csv,6
./06/120.csv,6
./06/121.csv,6
./06/122.csv,6
./06/123.csv,6
./06/124.csv,6
./06/125.csv,6
./06/126.csv,6
./06/127.csv,6
./06/128.csv,6
./06/129.csv,6
./06/130.csv,6
./06/131.csv,6
./06/132.csv,6
./06/133.csv,6
./06/134.csv,6
./06/135.csv,6
./06/136.csv,6
./06/137.csv,6
./06/138.csv,6
./06/139.csv,6
./06/140.csv,6
./06/141.csv,6
./06/142.csv,6
./06/143.csv,6
./06/144.csv,6
./06/145.csv,6
./06/146.csv,6
./06/147.csv,6
./06/148.csv,6
./06/149.csv,6
./06/150.csv,6
./06/151.csv,6
./06/152.csv,6
./06/153.csv,6
./06/154.csv,6
./06/155.csv,6
./06/156.csv,6
./06/157.csv,6
./06/158.csv,6
./06/159.csv,6
./06/160.csv,6
./06/161.csv,6
./06/162.csv,6
./06/163.csv,6
./06/164.csv,6
./06/165.csv,6
./06/166.csv,6
./06/167.csv,6
./06/168.csv,6
./06/169.csv,6
./06/170.csv,6
./06/171.csv,6
./06/172.csv,6
./06/173.csv,6
./06/174.csv,6
./06/175.csv,6
./06/176.csv,6
./06/177.csv,6
./06/178.csv,6
./06/179.csv,6
./06/180.csv,6
./06/181.csv,6
./06/182.csv,6
./06/183.csv,6
./06/184.csv,6
./06/185.csv,6
./06/186.csv,6
./06/187.csv,6
./06/188.csv,6
./06/189.csv,6
./06/190.csv,6
./06/191.csv,6
./06/192.csv,6
./06/193.csv,6
./06/194.csv,6
./06/195.csv,6
./06/196.csv,6
./06/197.csv,6
./06/198.csv,6
./06/199.csv,6
./06/200.csv,6
./06/201.csv,6
./06/202.csv,6
./06/203.csv,6
./06/204.csv,6
./06/205.csv,6
./06/206.csv,6
./06/207.csv,6
./06/208.csv,6
./06/209.csv,6
./06/210.csv,6
./06/211.csv,6
./06/212.csv,6
./06/213.csv,6
./06/214.csv,6
./06/215.csv,6
./06/216.csv,6
./06/217.csv,6
./06/218.csv,6
./06/219.csv,6
./06/220.csv,6
./06/221.csv,6
./06/222.csv,6
./06/223.csv,6
./06/224.csv,6
./06/225.csv,6
./06/226.csv,6
./06/227.csv,6
./06/228.csv,6
./06/229.csv,6
./06/230.csv,6
./06/231.csv,6
./06/232.csv,6
./06/233.csv,6
./06/234.csv,6
./06/235.csv,6
./06/236.csv,6
./06/237.csv,6
./06/238.csv,6
./06/239.csv,6
./07/0.csv,7
./07/1.csv,7
./07/2.csv,7
./07/3.csv,7
./07/4.csv,7
./07/5.csv,7
./07/6.csv,7
./07/7.csv,7
./07/8.csv,7
./07/9.csv,7
./07/10.csv,7
./07/11.csv,7
./07/12.csv,7
./07/13.csv,7
./07/14.csv,7
./07/15.csv,7
./07/16.csv,7
./07/17.csv,7
./07/18.csv,7
./07/19.csv,7
./07/20.csv,7
./07/21.csv,7
./07/22.csv,7
./07/23.csv,7
./07/24.csv,7
./07/25.csv,7
./07/26.csv,7
./07/27.csv,7
./07/28.csv,7
./07/29.csv,7
./07/30.csv,7
./07/31.csv,7
./07/32.csv,7
./07/33.csv,7
./07/34.csv,7
./07/35.csv,7
./07/36.csv,7
./07/37.csv,7
./07/38.csv,7
./07/39.csv,7
./07/40.csv,7
./07/41.csv,7
./07/42.csv,7
./07/43.csv,7
./07/44.csv,7
./07/45.csv,7
./07/46.csv,7
./07/47.csv,7
./07/48.csv,7
./07/49.csv,7
./07/50.csv,7
./07/51.csv,7
./07/52.csv,7
./07/53.csv,7
./07/54.csv,7
./07/55.csv,7
./07/56.csv,7
./07/57.csv,7
./07/58.csv,7
./07/59.csv,7
./07/60.csv,7
./07/61.csv,7
./07/62.csv,7
./07/63.csv,7
./07/64.csv,7
./07/65.csv,7
./07/66.csv,7
./07/67.csv,7
./07/68.csv,7
./07/69.csv,7
./07/70.csv,7
./07/71.csv,7
./07/72.csv,7
./07/73.csv,7
./07/74.csv,7
./07/75.csv,7
./07/76.csv,7
./07/77.csv,7
./07/78.csv,7
./07/79.csv,7
./07/80.csv,7
./07/81.csv,7
./07/82.csv,7
./07/83.csv,7
./07/84.csv,7
./07/85.csv,7
./07/86.csv,7
./07/87.csv,7
./07/88.csv,7
./07/89.csv,7
./07/90.csv,7
./07/91.csv,7
./07/92.csv,7
./07/93.csv,7
./07/94.csv,7
./07/95.csv,7
./07/96.csv,7
./07/97.csv,7
./07/98.csv,7
./07/99.csv,7
./07/100.csv,7
./07/101.csv,7
./07/102.csv,7
./07/103.csv,7
./07/104.csv,7
./07/105.csv,7
./07/106.csv,7
./07/107.csv,7
./07/108.csv,7
./07/109.csv,7
./07/110.csv,7
./07/111.csv,7
./07/112.csv,7
./07/113.csv,7
./07/114.csv,7
./07/115.csv,7
./07/116.csv,7
./07/117.csv,7
./07/118.csv,7
./07/119.csv,7
./07/120.csv,7
./07/121.csv,7
./07/122.csv,7
./07/123.csv,7
./07/124.csv,7
./07/125.csv,7
./07/126.csv,7
./07/127.csv,7
./07/128.csv,7
./07/129.csv,7
./07/130.csv,7
./07/131.csv,7
./07/132.csv,7
./07/133.csv,7
./07/134.csv,7
./07/135.csv,7
./07/136.csv,7
./07/137.csv,7
./07/138.csv,7
./07/139.csv,7
./07/140.csv,7
./07/141.csv,7
./07/142.csv,7
./07/143.csv,7
./07/144.csv,7
./07/145.csv,7
./07/146.csv,7
./07/147.csv,7
./07/148.csv,7
./07/149.csv,7
./07/150.csv,7
./07/151.csv,7
./07/152.csv,7
./07/153.csv,7
./07/154.csv,7
./07/155.csv,7
./07/156.csv,7
./07/157.csv,7
./07/158.csv,7
./07/159.csv,7
./07/160.csv,7
./07/161.csv,7
./07/162.csv,7
./07/163.csv,7
./07/164.csv,7
./07/165.csv,7
./07/166.csv,7
./07/167.csv,7
./07/168.csv,7
./07/169.csv,7
./07/170.csv,7
./07/171.csv,7
./07/172.csv,7
./07/173.csv,7
./07/174.csv,7
./07/175.csv,7
./07/176.csv,7
./07/177.csv,7
./07/178.csv,7
./07/179.csv,7
./07/180.csv,7
./07/181.csv,7
./07/182.csv,7
./07/183.csv,7
./07/184.csv,7
./07/185.csv,7
./07/186.csv,7
./07/187.csv,7
./07/188.csv,7
./07/189.csv,7
./07/190.csv,7
./07/191.csv,7
./07/192.csv,7
./07/193.csv,7
./07/194.csv,7
./07/195.csv,7
./07/196.csv,7
./07/197.csv,7
./07/198.csv,7
./07/199.csv,7
./07/200.csv,7
./07/201.csv,7
./07/202.csv,7
./07/203.csv,7
./07/204.csv,7
./07/205.csv,7
./07/206.csv,7
./07/207.csv,7
./07/208.csv,7
./07/209.csv,7
./07/210.csv,7
./07/211.csv,7
./07/212.csv,7
./07/213.csv,7
./07/214.csv,7
./07/215.csv,7
./07/216.csv,7
./07/217.csv,7
./07/218.csv,7
./07/219.csv,7
./07/220.csv,7
./07/221.csv,7
./07/222.csv,7
./07/223.csv,7
./07/224.csv,7
./07/225.csv,7
./07/226.csv,7
./07/227.csv,7
./07/228.csv,7
./07/229.csv,7
./07/230.csv,7
./07/231.csv,7
./07/232.csv,7
./07/233.csv,7
./07/234.csv,7
./07/235.csv,7
./07/236.csv,7
./07/237.csv,7
./07/238.csv,7
./07/239.csv,7
